<?xml version="1.0" encoding="UTF-8"?>
<project-private xmlns="http://www.netbeans.org/ns/project-private/1">
    <editor-bookmarks xmlns="http://www.netbeans.org/ns/editor-bookmarks/2" lastBookmarkId="0"/>
    <open-files xmlns="http://www.netbeans.org/ns/projectui-open-files/2">
        <group>
            <file>file:/C:/Users/JUAN%20FELIPE/Documents/UN/III%20semestre/Estructura%20de%20datos%20I/selección_de_jugadores/src/Nodo.java</file>
            <file>file:/C:/Users/JUAN%20FELIPE/Documents/UN/III%20semestre/Estructura%20de%20datos%20I/selección_de_jugadores/src/jugadores.java</file>
        </group>
    </open-files>
</project-private>
